<?xml version="1.0" encoding="UTF-8"?>
<document type="com.apple.InterfaceBuilder3.CocoaTouch.Storyboard.XIB" version="3.0" toolsVersion="11542" systemVersion="16B2555" targetRuntime="iOS.CocoaTouch" propertyAccessControl="none" useAutolayout="YES" useTraitCollections="YES" colorMatched="YES" initialViewController="BYZ-38-t0r">
    <device id="retina4_7" orientation="portrait">
        <adaptation id="fullscreen"/>
    </device>
    <dependencies>
        <plugIn identifier="com.apple.InterfaceBuilder.IBCocoaTouchPlugin" version="11524"/>
        <capability name="documents saved in the Xcode 8 format" minToolsVersion="8.0"/>
    </dependencies>
    <scenes>
        <!--View Controller-->
        <scene sceneID="tne-QT-ifu">
            <objects>
                <viewController id="BYZ-38-t0r" customClass="ViewController" customModule="Calculator" customModuleProvider="target" sceneMemberID="viewController">
                    <layoutGuides>
                        <viewControllerLayoutGuide type="top" id="y3c-jy-aDJ"/>
                        <viewControllerLayoutGuide type="bottom" id="wfy-db-euE"/>
                    </layoutGuides>
                    <view key="view" contentMode="scaleToFill" id="8bC-Xf-vdC">
                        <rect key="frame" x="0.0" y="0.0" width="375" height="667"/>
                        <autoresizingMask key="autoresizingMask" widthSizable="YES" heightSizable="YES"/>
                        <subviews>
                            <button opaque="NO" tag="1007" contentMode="scaleToFill" fixedFrame="YES" contentHorizontalAlignment="center" contentVerticalAlignment="center" buttonType="roundedRect" lineBreakMode="middleTruncation" translatesAutoresizingMaskIntoConstraints="NO" id="vPq-rn-hFy">
                                <rect key="frame" x="0.0" y="198" width="93" height="93"/>
                                <autoresizingMask key="autoresizingMask" flexibleMaxX="YES" flexibleMaxY="YES"/>
                                <color key="backgroundColor" red="1" green="0.57457399368286133" blue="0.0019781978335231543" alpha="1" colorSpace="custom" customColorSpace="sRGB"/>
                                <fontDescription key="fontDescription" type="system" weight="ultraLight" pointSize="36"/>
                                <state key="normal" title="％">
                                    <color key="titleColor" white="0.0" alpha="1" colorSpace="calibratedWhite"/>
                                </state>
                                <connections>
                                    <action selector="perBottonClicked:" destination="BYZ-38-t0r" eventType="touchUpInside" id="9mx-zV-tIg"/>
                                    <action selector="perClickedBotton:" destination="BYZ-38-t0r" eventType="touchUpInside" id="f6a-cO-z8K"/>
                                    <action selector="percentBottonClicked:" destination="BYZ-38-t0r" eventType="touchUpInside" id="PO9-uS-FQB"/>
                                </connections>
                            </button>
                            <button opaque="NO" tag="1008" contentMode="scaleToFill" fixedFrame="YES" contentHorizontalAlignment="center" contentVerticalAlignment="center" buttonType="roundedRect" lineBreakMode="middleTruncation" translatesAutoresizingMaskIntoConstraints="NO" id="BMN-zn-BgV">
                                <rect key="frame" x="94" y="198" width="93" height="93"/>
                                <autoresizingMask key="autoresizingMask" flexibleMaxX="YES" flexibleMaxY="YES"/>
                                <color key="backgroundColor" red="1" green="0.57457399369999995" blue="0.0019781978339999998" alpha="1" colorSpace="custom" customColorSpace="sRGB"/>
                                <fontDescription key="fontDescription" type="system" weight="ultraLight" pointSize="36"/>
                                <state key="normal" title="+/-">
                                    <color key="titleColor" white="0.0" alpha="1" colorSpace="calibratedWhite"/>
                                </state>
                                <connections>
                                    <action selector="posAndNegBottonClicked:" destination="BYZ-38-t0r" eventType="touchUpInside" id="Q6k-io-1MN"/>
                                    <action selector="posNegBotton:" destination="BYZ-38-t0r" eventType="touchUpInside" id="fNO-5d-n00"/>
                                    <action selector="posNegBottonClicked:" destination="BYZ-38-t0r" eventType="touchUpInside" id="J8N-Yb-KVK"/>
                                </connections>
                            </button>
                            <button opaque="NO" tag="1009" contentMode="scaleToFill" fixedFrame="YES" contentHorizontalAlignment="center" contentVerticalAlignment="center" buttonType="roundedRect" lineBreakMode="middleTruncation" translatesAutoresizingMaskIntoConstraints="NO" id="gQf-9Y-lbU">
                                <rect key="frame" x="188" y="198" width="93" height="93"/>
                                <autoresizingMask key="autoresizingMask" flexibleMaxX="YES" flexibleMaxY="YES"/>
                                <color key="backgroundColor" red="1" green="0.57457399369999995" blue="0.0019781978339999998" alpha="1" colorSpace="custom" customColorSpace="sRGB"/>
                                <fontDescription key="fontDescription" type="system" weight="ultraLight" pointSize="36"/>
                                <state key="normal" title="x">
                                    <color key="titleColor" white="0.0" alpha="1" colorSpace="custom" customColorSpace="genericGamma22GrayColorSpace"/>
                                </state>
                                <connections>
                                    <action selector="mutiply:" destination="BYZ-38-t0r" eventType="touchUpInside" id="JGh-k4-bdZ"/>
                                    <action selector="operateNow:" destination="BYZ-38-t0r" eventType="touchUpInside" id="Jpm-N8-sJJ"/>
                                    <action selector="operateNowBottonClicked:" destination="BYZ-38-t0r" eventType="touchUpInside" id="wRQ-yD-B1E"/>
                                </connections>
                            </button>
                            <button opaque="NO" tag="1103" contentMode="scaleToFill" fixedFrame="YES" contentHorizontalAlignment="center" contentVerticalAlignment="center" buttonType="roundedRect" lineBreakMode="middleTruncation" translatesAutoresizingMaskIntoConstraints="NO" id="kXu-1G-XUi">
                                <rect key="frame" x="282" y="198" width="93" height="93"/>
                                <autoresizingMask key="autoresizingMask" flexibleMaxX="YES" flexibleMaxY="YES"/>
                                <color key="backgroundColor" red="1" green="0.50196081400000003" blue="0.0" alpha="1" colorSpace="calibratedRGB"/>
                                <fontDescription key="fontDescription" type="system" weight="ultraLight" pointSize="51"/>
                                <state key="normal" title="÷">
                                    <color key="titleColor" white="0.0" alpha="1" colorSpace="custom" customColorSpace="genericGamma22GrayColorSpace"/>
                                </state>
                                <connections>
                                    <action selector="divide:" destination="BYZ-38-t0r" eventType="touchUpInside" id="MHN-Qs-eib"/>
                                    <action selector="operateNow:" destination="BYZ-38-t0r" eventType="touchUpInside" id="CML-at-cj5"/>
                                    <action selector="operateNowBottonClicked:" destination="BYZ-38-t0r" eventType="touchUpInside" id="NAH-Gy-e0w"/>
                                </connections>
                            </button>
                            <label opaque="NO" userInteractionEnabled="NO" contentMode="left" horizontalHuggingPriority="251" verticalHuggingPriority="251" fixedFrame="YES" text="0" textAlignment="right" lineBreakMode="tailTruncation" baselineAdjustment="alignBaselines" minimumScaleFactor="0.5" translatesAutoresizingMaskIntoConstraints="NO" id="zTm-96-YFK">
                                <rect key="frame" x="24" y="8" width="335" height="182"/>
                                <autoresizingMask key="autoresizingMask" flexibleMaxX="YES" flexibleMaxY="YES"/>
                                <fontDescription key="fontDescription" type="system" weight="ultraLight" pointSize="96"/>
                                <color key="textColor" white="1" alpha="1" colorSpace="calibratedWhite"/>
                                <nil key="highlightedColor"/>
                                <variation key="heightClass=compact">
                                    <fontDescription key="fontDescription" type="system" weight="ultraLight" pointSize="72"/>
                                </variation>
                            </label>
                            <button opaque="NO" contentMode="scaleToFill" fixedFrame="YES" contentHorizontalAlignment="center" contentVerticalAlignment="center" buttonType="roundedRect" lineBreakMode="middleTruncation" translatesAutoresizingMaskIntoConstraints="NO" id="z25-Ts-XMk">
                                <rect key="frame" x="281" y="574" width="93" height="93"/>
                                <autoresizingMask key="autoresizingMask" flexibleMaxX="YES" flexibleMaxY="YES"/>
                                <color key="backgroundColor" red="1" green="0.50196081400000003" blue="0.0" alpha="1" colorSpace="calibratedRGB"/>
                                <fontDescription key="fontDescription" type="system" weight="ultraLight" pointSize="36"/>
                                <state key="normal" title="=">
                                    <color key="titleColor" white="0.0" alpha="1" colorSpace="custom" customColorSpace="genericGamma22GrayColorSpace"/>
                                </state>
                                <connections>
                                    <action selector="calculateButtonClicked:" destination="BYZ-38-t0r" eventType="touchUpInside" id="qYZ-vt-JLf"/>
                                    <action selector="equalButton:" destination="BYZ-38-t0r" eventType="touchUpInside" id="D0J-gr-iqY"/>
                                    <action selector="equalButtonClicked:" destination="BYZ-38-t0r" eventType="touchUpInside" id="GDR-cm-kQG"/>
                                </connections>
                            </button>
                            <button opaque="NO" contentMode="scaleToFill" fixedFrame="YES" contentHorizontalAlignment="center" contentVerticalAlignment="center" buttonType="roundedRect" lineBreakMode="middleTruncation" translatesAutoresizingMaskIntoConstraints="NO" id="kUB-EM-HQV">
                                <rect key="frame" x="188" y="574" width="92" height="93"/>
                                <autoresizingMask key="autoresizingMask" flexibleMaxX="YES" flexibleMaxY="YES"/>
                                <color key="backgroundColor" red="0.80000001190000003" green="0.80000001190000003" blue="0.80000001190000003" alpha="1" colorSpace="calibratedRGB"/>
                                <fontDescription key="fontDescription" type="system" weight="ultraLight" pointSize="36"/>
                                <state key="normal" title=".">
                                    <color key="titleColor" white="0.0" alpha="1" colorSpace="calibratedWhite"/>
                                </state>
                                <connections>
                                    <action selector="appeneNumber:" destination="BYZ-38-t0r" eventType="touchUpInside" id="VWk-SX-XNS"/>
                                    <action selector="dotButtonClicked:" destination="BYZ-38-t0r" eventType="touchUpInside" id="sf5-sQ-zGc"/>
                                </connections>
                            </button>
                            <button opaque="NO" contentMode="scaleToFill" fixedFrame="YES" contentHorizontalAlignment="center" contentVerticalAlignment="center" buttonType="roundedRect" lineBreakMode="middleTruncation" translatesAutoresizingMaskIntoConstraints="NO" id="Cpo-Wn-L9X">
                                <rect key="frame" x="94" y="574" width="93" height="93"/>
                                <autoresizingMask key="autoresizingMask" flexibleMaxX="YES" flexibleMaxY="YES"/>
                                <color key="backgroundColor" red="0.80000001190000003" green="0.80000001190000003" blue="0.80000001190000003" alpha="1" colorSpace="calibratedRGB"/>
                                <fontDescription key="fontDescription" type="system" weight="ultraLight" pointSize="36"/>
                                <state key="normal" title="00">
                                    <color key="titleColor" white="0.0" alpha="1" colorSpace="calibratedWhite"/>
                                </state>
                                <connections>
                                    <action selector="doubleZeroButtonClicked:" destination="BYZ-38-t0r" eventType="touchUpInside" id="xuY-HE-jpX"/>
                                </connections>
                            </button>
                            <button opaque="NO" tag="1000" contentMode="scaleToFill" fixedFrame="YES" contentHorizontalAlignment="center" contentVerticalAlignment="center" buttonType="roundedRect" lineBreakMode="middleTruncation" translatesAutoresizingMaskIntoConstraints="NO" id="JYP-RO-dUS">
                                <rect key="frame" x="0.0" y="574" width="93" height="93"/>
                                <autoresizingMask key="autoresizingMask" flexibleMaxX="YES" flexibleMaxY="YES"/>
                                <color key="backgroundColor" red="0.80000001190000003" green="0.80000001190000003" blue="0.80000001190000003" alpha="1" colorSpace="calibratedRGB"/>
                                <fontDescription key="fontDescription" type="system" weight="ultraLight" pointSize="36"/>
                                <state key="normal" title="0">
                                    <color key="titleColor" white="0.0" alpha="1" colorSpace="calibratedWhite"/>
                                </state>
                                <connections>
                                    <action selector="appeneNumber:" destination="BYZ-38-t0r" eventType="touchUpInside" id="ubM-X7-gZb"/>
                                    <action selector="numericButtonClicked:" destination="BYZ-38-t0r" eventType="touchUpInside" id="Jka-nq-P3M"/>
                                </connections>
                            </button>
                            <button opaque="NO" tag="1101" contentMode="scaleToFill" fixedFrame="YES" contentHorizontalAlignment="center" contentVerticalAlignment="center" buttonType="roundedRect" lineBreakMode="middleTruncation" translatesAutoresizingMaskIntoConstraints="NO" id="xio-mx-KRz">
                                <rect key="frame" x="282" y="480" width="93" height="93"/>
                                <autoresizingMask key="autoresizingMask" flexibleMaxX="YES" flexibleMaxY="YES"/>
                                <color key="backgroundColor" red="1" green="0.50196081400000003" blue="0.0" alpha="1" colorSpace="calibratedRGB"/>
                                <fontDescription key="fontDescription" type="system" weight="ultraLight" pointSize="36"/>
                                <state key="normal" title="+">
                                    <color key="titleColor" white="0.0" alpha="1" colorSpace="custom" customColorSpace="genericGamma22GrayColorSpace"/>
                                </state>
                                <connections>
                                    <action selector="operateNow:" destination="BYZ-38-t0r" eventType="touchUpInside" id="Xjq-Xz-N7z"/>
                                    <action selector="operateNowBottonClicked:" destination="BYZ-38-t0r" eventType="touchUpInside" id="USj-GZ-YJ7"/>
                                    <action selector="operatorButtonClicked:" destination="BYZ-38-t0r" eventType="touchUpInside" id="gNh-N1-Nww"/>
                                </connections>
                            </button>
                            <button opaque="NO" tag="1003" contentMode="scaleToFill" fixedFrame="YES" contentHorizontalAlignment="center" contentVerticalAlignment="center" buttonType="roundedRect" lineBreakMode="middleTruncation" translatesAutoresizingMaskIntoConstraints="NO" id="Wvg-7q-Ivz">
                                <rect key="frame" x="188" y="480" width="93" height="93"/>
                                <autoresizingMask key="autoresizingMask" flexibleMaxX="YES" flexibleMaxY="YES"/>
                                <color key="backgroundColor" red="0.80000001190000003" green="0.80000001190000003" blue="0.80000001190000003" alpha="1" colorSpace="calibratedRGB"/>
                                <fontDescription key="fontDescription" type="system" weight="ultraLight" pointSize="36"/>
                                <state key="normal" title="3">
                                    <color key="titleColor" white="0.0" alpha="1" colorSpace="calibratedWhite"/>
                                </state>
                                <connections>
                                    <action selector="appeneNumber:" destination="BYZ-38-t0r" eventType="touchUpInside" id="STp-tk-Hyj"/>
                                    <action selector="numericButtonClicked:" destination="BYZ-38-t0r" eventType="touchUpInside" id="TEF-WB-oSW"/>
                                </connections>
                            </button>
                            <button opaque="NO" tag="1003" contentMode="scaleToFill" fixedFrame="YES" contentHorizontalAlignment="center" contentVerticalAlignment="center" buttonType="roundedRect" lineBreakMode="middleTruncation" translatesAutoresizingMaskIntoConstraints="NO" id="xV3-4K-MVF">
                                <rect key="frame" x="94" y="480" width="93" height="93"/>
                                <autoresizingMask key="autoresizingMask" flexibleMaxX="YES" flexibleMaxY="YES"/>
                                <color key="backgroundColor" red="0.80000001190000003" green="0.80000001190000003" blue="0.80000001190000003" alpha="1" colorSpace="calibratedRGB"/>
                                <fontDescription key="fontDescription" type="system" weight="ultraLight" pointSize="36"/>
                                <state key="normal" title="2">
                                    <color key="titleColor" white="0.0" alpha="1" colorSpace="calibratedWhite"/>
                                </state>
                                <connections>
                                    <action selector="appeneNumber:" destination="BYZ-38-t0r" eventType="touchUpInside" id="DNu-Ea-anA"/>
                                    <action selector="numericButtonClicked:" destination="BYZ-38-t0r" eventType="touchUpInside" id="2Ra-MP-43E"/>
                                </connections>
                            </button>
                            <button opaque="NO" tag="1003" contentMode="scaleToFill" fixedFrame="YES" contentHorizontalAlignment="center" contentVerticalAlignment="center" buttonType="roundedRect" lineBreakMode="middleTruncation" translatesAutoresizingMaskIntoConstraints="NO" id="GYy-ju-Uhv">
                                <rect key="frame" x="0.0" y="480" width="93" height="93"/>
                                <autoresizingMask key="autoresizingMask" flexibleMaxX="YES" flexibleMaxY="YES"/>
                                <color key="backgroundColor" red="0.80000001190000003" green="0.80000001190000003" blue="0.80000001190000003" alpha="1" colorSpace="calibratedRGB"/>
                                <fontDescription key="fontDescription" type="system" weight="ultraLight" pointSize="36"/>
                                <state key="normal" title="1">
                                    <color key="titleColor" white="0.0" alpha="1" colorSpace="calibratedWhite"/>
                                </state>
                                <connections>
                                    <action selector="appeneNumber:" destination="BYZ-38-t0r" eventType="touchUpInside" id="YYs-9d-tbm"/>
                                    <action selector="numericButtonClicked:" destination="BYZ-38-t0r" eventType="touchUpInside" id="vj6-pc-vBk"/>
                                </connections>
                            </button>
                            <button opaque="NO" tag="1003" contentMode="scaleToFill" fixedFrame="YES" contentHorizontalAlignment="center" contentVerticalAlignment="center" buttonType="roundedRect" lineBreakMode="middleTruncation" translatesAutoresizingMaskIntoConstraints="NO" id="tHi-hs-WQV">
                                <rect key="frame" x="188" y="386" width="93" height="93"/>
                                <autoresizingMask key="autoresizingMask" flexibleMaxX="YES" flexibleMaxY="YES"/>
                                <color key="backgroundColor" red="0.80000001190000003" green="0.80000001190000003" blue="0.80000001190000003" alpha="1" colorSpace="calibratedRGB"/>
                                <fontDescription key="fontDescription" type="system" weight="ultraLight" pointSize="36"/>
                                <state key="normal" title="6">
                                    <color key="titleColor" white="0.0" alpha="1" colorSpace="calibratedWhite"/>
                                </state>
                                <connections>
                                    <action selector="appeneNumber:" destination="BYZ-38-t0r" eventType="touchUpInside" id="NQl-QP-t4Q"/>
                                    <action selector="numericButtonClicked:" destination="BYZ-38-t0r" eventType="touchUpInside" id="wVu-D1-dvR"/>
                                </connections>
                            </button>
                            <button opaque="NO" tag="1003" contentMode="scaleToFill" fixedFrame="YES" contentHorizontalAlignment="center" contentVerticalAlignment="center" buttonType="roundedRect" lineBreakMode="middleTruncation" translatesAutoresizingMaskIntoConstraints="NO" id="vZg-nO-jtp">
                                <rect key="frame" x="94" y="386" width="93" height="93"/>
                                <autoresizingMask key="autoresizingMask" flexibleMaxX="YES" flexibleMaxY="YES"/>
                                <color key="backgroundColor" red="0.80000001190000003" green="0.80000001190000003" blue="0.80000001190000003" alpha="1" colorSpace="calibratedRGB"/>
                                <fontDescription key="fontDescription" type="system" weight="ultraLight" pointSize="36"/>
                                <state key="normal" title="5">
                                    <color key="titleColor" white="0.0" alpha="1" colorSpace="calibratedWhite"/>
                                </state>
                                <connections>
                                    <action selector="appeneNumber:" destination="BYZ-38-t0r" eventType="touchUpInside" id="KeS-Z2-rvy"/>
                                    <action selector="numericButtonClicked:" destination="BYZ-38-t0r" eventType="touchUpInside" id="hQz-Nu-Fhr"/>
                                </connections>
                            </button>
                            <button opaque="NO" tag="1003" contentMode="scaleToFill" fixedFrame="YES" contentHorizontalAlignment="center" contentVerticalAlignment="center" buttonType="roundedRect" lineBreakMode="middleTruncation" translatesAutoresizingMaskIntoConstraints="NO" id="L5E-gN-jo8">
                                <rect key="frame" x="0.0" y="386" width="93" height="93"/>
                                <autoresizingMask key="autoresizingMask" flexibleMaxX="YES" flexibleMaxY="YES"/>
                                <color key="backgroundColor" red="0.80000001190000003" green="0.80000001190000003" blue="0.80000001190000003" alpha="1" colorSpace="calibratedRGB"/>
                                <fontDescription key="fontDescription" type="system" weight="ultraLight" pointSize="36"/>
                                <state key="normal" title="4">
                                    <color key="titleColor" white="0.0" alpha="1" colorSpace="calibratedWhite"/>
                                </state>
                                <connections>
                                    <action selector="appeneNumber:" destination="BYZ-38-t0r" eventType="touchUpInside" id="MQt-2l-RXy"/>
                                    <action selector="numericButtonClicked:" destination="BYZ-38-t0r" eventType="touchUpInside" id="OeM-C7-ea7"/>
                                </connections>
                            </button>
                            <button opaque="NO" tag="1003" contentMode="scaleToFill" fixedFrame="YES" contentHorizontalAlignment="center" contentVerticalAlignment="center" buttonType="roundedRect" lineBreakMode="middleTruncation" translatesAutoresizingMaskIntoConstraints="NO" id="hZr-8f-dC3">
                                <rect key="frame" x="188" y="292" width="93" height="93"/>
                                <autoresizingMask key="autoresizingMask" flexibleMaxX="YES" flexibleMaxY="YES"/>
                                <color key="backgroundColor" red="0.80000001190000003" green="0.80000001190000003" blue="0.80000001190000003" alpha="1" colorSpace="calibratedRGB"/>
                                <fontDescription key="fontDescription" type="system" weight="ultraLight" pointSize="36"/>
                                <state key="normal" title="9">
                                    <color key="titleColor" white="0.0" alpha="1" colorSpace="calibratedWhite"/>
                                </state>
                                <connections>
                                    <action selector="appeneNumber:" destination="BYZ-38-t0r" eventType="touchUpInside" id="9WS-ar-A6f"/>
                                </connections>
                            </button>
                            <button opaque="NO" tag="1003" contentMode="scaleToFill" fixedFrame="YES" contentHorizontalAlignment="center" contentVerticalAlignment="center" buttonType="roundedRect" lineBreakMode="middleTruncation" translatesAutoresizingMaskIntoConstraints="NO" id="xgd-vD-7d5">
                                <rect key="frame" x="94" y="292" width="93" height="93"/>
                                <autoresizingMask key="autoresizingMask" flexibleMaxX="YES" flexibleMaxY="YES"/>
                                <color key="backgroundColor" red="0.80000001190000003" green="0.80000001190000003" blue="0.80000001190000003" alpha="1" colorSpace="calibratedRGB"/>
                                <fontDescription key="fontDescription" type="system" weight="ultraLight" pointSize="36"/>
                                <state key="normal" title="8">
                                    <color key="titleColor" white="0.0" alpha="1" colorSpace="calibratedWhite"/>
                                </state>
                                <connections>
                                    <action selector="appeneNumber:" destination="BYZ-38-t0r" eventType="touchUpInside" id="A5k-5f-hiF"/>
                                    <action selector="numericButtonClicked:" destination="BYZ-38-t0r" eventType="touchUpInside" id="ze9-Pg-i0z"/>
                                </connections>
                            </button>
                            <button opaque="NO" tag="1003" contentMode="scaleToFill" fixedFrame="YES" contentHorizontalAlignment="center" contentVerticalAlignment="center" buttonType="roundedRect" lineBreakMode="middleTruncation" translatesAutoresizingMaskIntoConstraints="NO" id="73I-vP-Eh2">
                                <rect key="frame" x="0.0" y="292" width="93" height="93"/>
                                <autoresizingMask key="autoresizingMask" flexibleMaxX="YES" flexibleMaxY="YES"/>
                                <color key="backgroundColor" red="0.80000001190000003" green="0.80000001190000003" blue="0.80000001190000003" alpha="1" colorSpace="calibratedRGB"/>
                                <fontDescription key="fontDescription" type="system" weight="ultraLight" pointSize="36"/>
                                <state key="normal" title="7">
                                    <color key="titleColor" white="0.0" alpha="1" colorSpace="calibratedWhite"/>
                                </state>
                                <connections>
                                    <action selector="appeneNumber:" destination="BYZ-38-t0r" eventType="touchUpInside" id="y55-he-Oon"/>
                                    <action selector="numericButtonClicked:" destination="BYZ-38-t0r" eventType="touchUpInside" id="3iT-c4-cve"/>
                                </connections>
                            </button>
                            <button opaque="NO" tag="1102" contentMode="scaleToFill" fixedFrame="YES" contentHorizontalAlignment="center" contentVerticalAlignment="center" buttonType="roundedRect" lineBreakMode="middleTruncation" translatesAutoresizingMaskIntoConstraints="NO" id="CPS-p5-yOj">
                                <rect key="frame" x="282" y="387" width="93" height="92"/>
                                <autoresizingMask key="autoresizingMask" flexibleMaxX="YES" flexibleMaxY="YES"/>
                                <color key="backgroundColor" red="1" green="0.50196081400000003" blue="0.0" alpha="1" colorSpace="calibratedRGB"/>
                                <fontDescription key="fontDescription" type="system" weight="ultraLight" pointSize="36"/>
                                <state key="normal" title="−">
                                    <color key="titleColor" white="0.0" alpha="1" colorSpace="custom" customColorSpace="genericGamma22GrayColorSpace"/>
                                </state>
                                <connections>
                                    <action selector="operateNow:" destination="BYZ-38-t0r" eventType="touchUpInside" id="rbW-vt-G5B"/>
                                    <action selector="operateNowBottonClicked:" destination="BYZ-38-t0r" eventType="touchUpInside" id="Qmz-HD-FZo"/>
                                    <action selector="operatorButtonClicked:" destination="BYZ-38-t0r" eventType="touchUpInside" id="8sO-ZI-xCj"/>
                                </connections>
                            </button>
                            <button opaque="NO" tag="1103" contentMode="scaleToFill" fixedFrame="YES" contentHorizontalAlignment="center" contentVerticalAlignment="center" buttonType="roundedRect" lineBreakMode="middleTruncation" translatesAutoresizingMaskIntoConstraints="NO" id="YPd-Dh-Llt">
                                <rect key="frame" x="282" y="293" width="93" height="92"/>
                                <autoresizingMask key="autoresizingMask" flexibleMaxX="YES" flexibleMaxY="YES"/>
                                <color key="backgroundColor" red="1" green="0.50196081400000003" blue="0.0" alpha="1" colorSpace="calibratedRGB"/>
                                <fontDescription key="fontDescription" type="system" weight="ultraLight" pointSize="36"/>
                                <state key="normal" title="AC">
                                    <color key="titleColor" cocoaTouchSystemColor="darkTextColor"/>
                                </state>
                                <connections>
                                    <action selector="clearButtonClicked:" destination="BYZ-38-t0r" eventType="touchUpInside" id="YQM-2R-ENy"/>
                                </connections>
                            </button>
                        </subviews>
                        <color key="backgroundColor" white="0.0" alpha="1" colorSpace="calibratedWhite"/>
                    </view>
                    <connections>
                        <outlet property="View" destination="zTm-96-YFK" id="GFo-ce-7l9"/>
                        <outlet property="displayLabel" destination="zTm-96-YFK" id="BRa-nE-7mA"/>
                    </connections>
                </viewController>
                <placeholder placeholderIdentifier="IBFirstResponder" id="dkx-z0-nzr" sceneMemberID="firstResponder"/>
            </objects>
            <point key="canvasLocation" x="-458.39999999999998" y="15.742128935532236"/>
        </scene>
    </scenes>
</document>
